tasas,tipo
0.616047741435984,piso
0.681096266689224,duplex
0.860421388166087,chalet
0.884059941910144,nave
