marca,año,consumo
lada,2001,7.12393926484416
opel,2002,6.79519453714739
opel,2001,5.49402977275624
lada,2003,6.04927191649897
lada,2002,5.5716181189071
opel,2003,5.09575404805743
