marca,año,consumo,autonomía
skoda,2014,7.83529035682452,281.196218263438
seat,2014,7.13314742886324,286.211657429205
volkswagen,2014,8.4246240448815,275.987982814131
seat,2015,5.71697471140322,298.495995420418
seat,2016,5.04888631327131,305.742440719766
volkswagen,2015,8.25489200183619,268.599703264026
skoda,2015,6.59041435850232,280.531066975509
volkswagen,2016,5.2774173569656,272.579327530227
skoda,2016,8.77050985719523,251.318646582591
seat,2017,5.61636872730795,259.561265718563
